data_1,data_2
-4.3856893,10.147399
