data_1,data_2
-5.048787,-10.5146885
