data_1,data_2
3.9724932,-1.3954909
