data_1,data_2
4.880176,-4.6777825
