data_1,data_2
-10.659587,-7.755624
