data_1,data_2
-3.8458288,1.8940927
