data_1,data_2
-10.098994,-2.3206193
