data_1,data_2
-1.9149563,-8.837538
