data_1,data_2
9.645486,-7.7167473
