data_1,data_2
-10.082087,3.1250584
